{"man_man": 0.8622608780860901, "woman_woman": 0.8626179099082947, "man_woman": 0.8511595129966736, "woman_man": 0.8758690357208252}