{"man_man": 0.8609147071838379, "woman_woman": 0.8820937871932983, "man_woman": 0.8647369146347046, "woman_man": 0.8647118210792542}